{"cameraMode":{"drawMode":0,"name":"Shaded","section":"Shading Mode"},"sceneLighting":true,"audioPlay":false,"sceneViewState":{"showFog":true,"showMaterialUpdate":false,"showSkybox":true,"showFlares":true,"showImageEffects":true,"showParticleSystems":true},"in2DMode":false,"pivot":{"x":794.31201171875,"y":276.7919921875,"z":-59.75956726074219},"rotation":{"x":-0.01830379106104374,"y":0.02309129573404789,"z":-0.0004228394536767155,"w":-0.9995663166046143},"size":1119.0694580078125,"orthographic":false}